set,gene
microglia,CCL4
microglia,ADRB2
microglia,NAV3
microglia,ADORA3
microglia,SIGLEC8
microglia,SPRY1
microglia,TAL1
microglia,RHOB
microglia,BIN1
microglia,SALL1
microglia,KLF2
microglia,BHLHE41
microglia,SLC1A3
microglia,P2RY12
macrophage,HLA-DQA1
macrophage,MS4A6A
macrophage,TGFBI
macrophage,HLA-DRB5
macrophage,CD74
macrophage,DSE
macrophage,CD93
macrophage,FOSL2
macrophage,PLTP
macrophage,THBD
macrophage,IFITM2
macrophage,METRNL
macrophage,IQGAP1
macrophage,PDE4B
macrophage,FPR3
macrophage,BHLHE40
macrophage,TNFSF13
macrophage,HLA-DMB
macrophage,KYNU
macrophage,ITGA4
macrophage,CREM
macrophage,GPR65
macrophage,FGR
macrophage,MXD1
macrophage,IL1RN
macrophage,FAM49A
macrophage,SH3BGRL
macrophage,EMB
macrophage,S100A11
macrophage,LYZ
macrophage,PTPN7
macrophage,SAMHD1
macrophage,SPINT2
macrophage,NFIL3
macrophage,TMEM123
macrophage,CIB1
macrophage,CIITA
macrophage,TREM1
macrophage,VOPP1
macrophage,IL10
macrophage,PLAC8
macrophage,DOK3
macrophage,CYBB
macrophage,CYTH1
macrophage,GPR132
macrophage,SYNGR2
macrophage,PLBD1
macrophage,PIM1
macrophage,FXYD5
macrophage,ARG2
macrophage,PQLC3
macrophage,MS4A7
